[
  {
    "id": "msg-001",
    "chat_id": "chat-room-1",
    "sender": {
      "id": "user1",
      "username": "Alice",
      "avatar": "https://i.pravatar.cc/300?img=1"
    },
    "message": "Halo semua! Semoga harimu menyenangkan.",
    "type": "text",
    "created_at": "2023-10-26T10:00:00Z",
    "is_read": true
  },
  {
    "id": "msg-002",
    "chat_id": "chat-room-1",
    "sender": {
      "id": "user2",
      "username": "Bob",
      "avatar": "https://i.pravatar.cc/300?img=2"
    },
    "message": "Hai Alice! Aku juga. Sudah lihat gambar baru ini?",
    "type": "text",
    "created_at": "2023-10-26T10:01:30Z",
    "is_read": true
  },
  {
    "id": "msg-003",
    "chat_id": "chat-room-1",
    "sender": {
      "id": "user2",
      "username": "Bob",
      "avatar": "https://i.pravatar.cc/300?img=2"
    },
    "message": "Pemandangan pegunungan yang menakjubkan!",
    "type": "image",
    "file_url": "https://picsum.photos/id/237/800/600",
    "thumbnail_url": "https://picsum.photos/id/237/200/150",
    "created_at": "2023-10-26T10:02:00Z",
    "is_read": true
  },
  {
    "id": "msg-004",
    "chat_id": "chat-room-1",
    "sender": {
      "id": "user3",
      "username": "Charlie",
      "avatar": "https://i.pravatar.cc/300?img=3"
    },
    "message": "Wow Bob, itu luar biasa! Aku punya video pendek dari perjalanan terakhirku.",
    "type": "text",
    "created_at": "2023-10-26T10:03:15Z",
    "is_read": true
  },
  {
    "id": "msg-005",
    "chat_id": "chat-room-1",
    "sender": {
      "id": "user3",
      "username": "Charlie",
      "avatar": "https://i.pravatar.cc/300?img=3"
    },
    "message": "Cuplikan singkat air terjun.",
    "type": "video",
    "file_url": "https://www.learningcontainer.com/wp-content/uploads/2020/05/sample-mp4-file.mp4",
    "thumbnail_url": "https://i.ytimg.com/vi/aqz-KE-bpKQ/hqdefault.jpg",
    "created_at": "2023-10-26T10:04:00Z",
    "is_read": true
  },
  {
    "id": "msg-006",
    "chat_id": "chat-room-1",
    "sender": {
      "id": "user1",
      "username": "Alice",
      "avatar": "https://i.pravatar.cc/300?img=1"
    },
    "message": "Sangat indah! Aku perlu mengirimkan kalian proposal proyek. Ini dalam format PDF.",
    "type": "text",
    "created_at": "2023-10-26T10:05:45Z",
    "is_read": true
  },
  {
    "id": "msg-007",
    "chat_id": "chat-room-1",
    "sender": {
      "id": "user1",
      "username": "Alice",
      "avatar": "https://i.pravatar.cc/300?img=1"
    },
    "message": "Proposal Proyek Q4",
    "type": "file",
    "file_url": "https://www.w3.org/WAI/ER/tests/xhtml/testfiles/resources/pdf/dummy.pdf",
    "file_name": "project_proposal_Q4.pdf",
    "file_size": "2.1 MB",
    "created_at": "2023-10-26T10:06:00Z",
    "is_read": false
  },
  {
    "id": "msg-008",
    "chat_id": "chat-room-1",
    "sender": {
      "id": "user4",
      "username": "Diana",
      "avatar": "https://i.pravatar.cc/300?img=4"
    },
    "message": "Terima kasih Alice! Sangat membantu. Aku akan segera memeriksanya.",
    "type": "text",
    "created_at": "2023-10-26T10:07:30Z",
    "is_read": false
  },
  {
    "id": "msg-009",
    "chat_id": "chat-room-1",
    "sender": {
      "id": "user2",
      "username": "Bob",
      "avatar": "https://i.pravatar.cc/300?img=2"
    },
    "message": "Apakah ada dokumen lain yang perlu kita tinjau?",
    "type": "text",
    "created_at": "2023-10-26T10:08:00Z",
    "is_read": false
  },
  {
    "id": "msg-010",
    "chat_id": "chat-room-1",
    "sender": {
      "id": "user1",
      "username": "Alice",
      "avatar": "https://i.pravatar.cc/300?img=1"
    },
    "message": "Sejauh ini tidak ada, tapi aku akan memberitahumu jika ada.",
    "type": "text",
    "created_at": "2023-10-26T10:09:10Z",
    "is_read": false
  }
]
